SMILES Labelled,ConBase_pKa,pB,qB,Reference
[S-:10]CCO,9.47,1,3,"Sander, T.; Freyss, J.;  von Korff, M.; Rufener, C. J. Chem. Inf. Model. 2015, 55, 460–473."
[S-:10]CCNc1ccccc1,9.5,1,3,"Sander, T.; Freyss, J.;  von Korff, M.; Rufener, C. J. Chem. Inf. Model. 2015, 55, 460–473."
[S-:10]CCNc1c(C)cccc1,9.6,1,3,"Sander, T.; Freyss, J.;  von Korff, M.; Rufener, C. J. Chem. Inf. Model. 2015, 55, 460–473."
[S-:10]CCNC(C)=O,9.5,1,3,"Sander, T.; Freyss, J.;  von Korff, M.; Rufener, C. J. Chem. Inf. Model. 2015, 55, 460–473."
[S-:10]CCCC,10.78,1,3,"Sander, T.; Freyss, J.;  von Korff, M.; Rufener, C. J. Chem. Inf. Model. 2015, 55, 460–473."
[S-:10]CCC,10.56,1,3,"Sander, T.; Freyss, J.;  von Korff, M.; Rufener, C. J. Chem. Inf. Model. 2015, 55, 460–473."
[S-:10]CCC(OC)=O,9.33,1,3,"Sander, T.; Freyss, J.;  von Korff, M.; Rufener, C. J. Chem. Inf. Model. 2015, 55, 460–473."
[S-:10]CCC([O-])=O,10.29,1,3,"Sander, T.; Freyss, J.;  von Korff, M.; Rufener, C. J. Chem. Inf. Model. 2015, 55, 460–473."
[S-:10]Cc1ncc[nH]1,9.26,1,3,"Sander, T.; Freyss, J.;  von Korff, M.; Rufener, C. J. Chem. Inf. Model. 2015, 55, 460–473."
[S-:10]Cc1ncc[n]1C,8.88,1,3,"Sander, T.; Freyss, J.;  von Korff, M.; Rufener, C. J. Chem. Inf. Model. 2015, 55, 460–473."
[S-:10]Cc1ccccc1,9.43,1,3,"Sander, T.; Freyss, J.;  von Korff, M.; Rufener, C. J. Chem. Inf. Model. 2015, 55, 460–473."
[S-:10]Cc1c[nH]cn1,9.54,1,3,"Sander, T.; Freyss, J.;  von Korff, M.; Rufener, C. J. Chem. Inf. Model. 2015, 55, 460–473."
[S-:10]CC[NH3+],8.4,1,3,"Sander, T.; Freyss, J.;  von Korff, M.; Rufener, C. J. Chem. Inf. Model. 2015, 55, 460–473."
[S-:10]CC[NH2+]CCc1ccccc1,7.85,1,3,"Sander, T.; Freyss, J.;  von Korff, M.; Rufener, C. J. Chem. Inf. Model. 2015, 55, 460–473."
[S-:10]CC[NH2+]CCC,7.92,1,3,"Sander, T.; Freyss, J.;  von Korff, M.; Rufener, C. J. Chem. Inf. Model. 2015, 55, 460–473."
[S-:10]CC[NH2+]Cc1ccccc1,7.86,1,3,"Sander, T.; Freyss, J.;  von Korff, M.; Rufener, C. J. Chem. Inf. Model. 2015, 55, 460–473."
[S-:10]CC[NH2+]C,8.02,1,3,"Sander, T.; Freyss, J.;  von Korff, M.; Rufener, C. J. Chem. Inf. Model. 2015, 55, 460–473."
[S-:10]CC[NH+](CCCC)CCCC,7.76,1,3,"Sander, T.; Freyss, J.;  von Korff, M.; Rufener, C. J. Chem. Inf. Model. 2015, 55, 460–473."
[S-:10]CC[NH+](CCC)CCC,8.62,1,3,"Sander, T.; Freyss, J.;  von Korff, M.; Rufener, C. J. Chem. Inf. Model. 2015, 55, 460–473."
[S-:10]CC[NH+](CC)CC,7.72,1,3,"Sander, T.; Freyss, J.;  von Korff, M.; Rufener, C. J. Chem. Inf. Model. 2015, 55, 460–473."
[S-:10]CC[NH+](C)C,7.68,1,3,"Sander, T.; Freyss, J.;  von Korff, M.; Rufener, C. J. Chem. Inf. Model. 2015, 55, 460–473."
[S-:10]CC[NH+](C(C)C)C(C)C,8.08,1,3,"Sander, T.; Freyss, J.;  von Korff, M.; Rufener, C. J. Chem. Inf. Model. 2015, 55, 460–473."
[S-:10]CC[N+](C)(C)C,7.98,1,3,"Sander, T.; Freyss, J.;  von Korff, M.; Rufener, C. J. Chem. Inf. Model. 2015, 55, 460–473."
[S-:10]CC(OC)=O,7.57,1,3,"Sander, T.; Freyss, J.;  von Korff, M.; Rufener, C. J. Chem. Inf. Model. 2015, 55, 460–473."
[S-:10]CC(NN)=O,8.05,1,3,"Sander, T.; Freyss, J.;  von Korff, M.; Rufener, C. J. Chem. Inf. Model. 2015, 55, 460–473."
[S-:10]CC(NCC)=O,8.14,1,3,"Sander, T.; Freyss, J.;  von Korff, M.; Rufener, C. J. Chem. Inf. Model. 2015, 55, 460–473."
[S-:10]CC(NC)=O,8.05,1,3,"Sander, T.; Freyss, J.;  von Korff, M.; Rufener, C. J. Chem. Inf. Model. 2015, 55, 460–473."
[S-:10]CC(N)=O,8.22,1,3,"Sander, T.; Freyss, J.;  von Korff, M.; Rufener, C. J. Chem. Inf. Model. 2015, 55, 460–473."
[S-:10]CC(N(C)C)=O,8.1,1,3,"Sander, T.; Freyss, J.;  von Korff, M.; Rufener, C. J. Chem. Inf. Model. 2015, 55, 460–473."
[S-:10]CC(CS)O,9.17,2,3,"Sander, T.; Freyss, J.;  von Korff, M.; Rufener, C. J. Chem. Inf. Model. 2015, 55, 460–473."
[S-:10]CC(CO)S,8.62,2,3,"Sander, T.; Freyss, J.;  von Korff, M.; Rufener, C. J. Chem. Inf. Model. 2015, 55, 460–473."
[S-:10]CC(C[S-])O,10.65,1,6,"Sander, T.; Freyss, J.;  von Korff, M.; Rufener, C. J. Chem. Inf. Model. 2015, 55, 460–473."
[S-:10]CC(C([O-])=O)NC(C)=O,9.62,1,3,"Sander, T.; Freyss, J.;  von Korff, M.; Rufener, C. J. Chem. Inf. Model. 2015, 55, 460–473."
[S-:10]CC([O-])=O,10.16,1,3,"Sander, T.; Freyss, J.;  von Korff, M.; Rufener, C. J. Chem. Inf. Model. 2015, 55, 460–473."
[S-:10]C[C@@H](C(N[C@@H](CC(N)=O)C(O)=O)=O)N,9.7,1,3,"Sander, T.; Freyss, J.;  von Korff, M.; Rufener, C. J. Chem. Inf. Model. 2015, 55, 460–473."
[S-:10]C(CO)C[S-],10.59,1,6,"Sander, T.; Freyss, J.;  von Korff, M.; Rufener, C. J. Chem. Inf. Model. 2015, 55, 460–473."
[S-:10]C(C)C([O-])=O,10.07,1,3,"Sander, T.; Freyss, J.;  von Korff, M.; Rufener, C. J. Chem. Inf. Model. 2015, 55, 460–473."
[S-:10]C(C)(C)CN,11,1,3,"Sander, T.; Freyss, J.;  von Korff, M.; Rufener, C. J. Chem. Inf. Model. 2015, 55, 460–473."
[S-:10]C(C)(C)C,11.14,1,3,"Sander, T.; Freyss, J.;  von Korff, M.; Rufener, C. J. Chem. Inf. Model. 2015, 55, 460–473."
[S-:10]C(C)(C)C(C([O-])=O)[n]1c(Cc2ccccc2)ncc1,10.35,1,3,"Sander, T.; Freyss, J.;  von Korff, M.; Rufener, C. J. Chem. Inf. Model. 2015, 55, 460–473."
[S-:10]C(C)(C)C(C([O-])=O)[n]1c(C/C=C/CC)ncc1,10.4,1,3,"Sander, T.; Freyss, J.;  von Korff, M.; Rufener, C. J. Chem. Inf. Model. 2015, 55, 460–473."
[S-:10]C(C)(C)C(C([O-])=O)[n]1c(C/C=C/CC)nc(C([O-])=O)c1,10.2,1,3,"Sander, T.; Freyss, J.;  von Korff, M.; Rufener, C. J. Chem. Inf. Model. 2015, 55, 460–473."